{
    "name": "root",
    "gauges": {
        "PaintingAgent.Policy.Entropy.mean": {
            "value": 1.1044385433197021,
            "min": 1.1044385433197021,
            "max": 1.182183027267456,
            "count": 56
        },
        "PaintingAgent.Policy.Entropy.sum": {
            "value": 5522.19287109375,
            "min": 4373.6181640625,
            "max": 5910.9150390625,
            "count": 56
        },
        "PaintingAgent.Step.mean": {
            "value": 694964.0,
            "min": 419964.0,
            "max": 694964.0,
            "count": 56
        },
        "PaintingAgent.Step.sum": {
            "value": 694964.0,
            "min": 419964.0,
            "max": 694964.0,
            "count": 56
        },
        "PaintingAgent.Policy.ExtrinsicValueEstimate.mean": {
            "value": 0.49998387694358826,
            "min": 0.4650099277496338,
            "max": 0.5477358102798462,
            "count": 56
        },
        "PaintingAgent.Policy.ExtrinsicValueEstimate.sum": {
            "value": 49.99838638305664,
            "min": 36.78507995605469,
            "max": 54.77357864379883,
            "count": 56
        },
        "PaintingAgent.Environment.EpisodeLength.mean": {
            "value": 99.0,
            "min": 99.0,
            "max": 99.0,
            "count": 56
        },
        "PaintingAgent.Environment.EpisodeLength.sum": {
            "value": 4950.0,
            "min": 3663.0,
            "max": 4950.0,
            "count": 56
        },
        "PaintingAgent.Environment.CumulativeReward.mean": {
            "value": 0.5162697452306747,
            "min": 0.5125212413072586,
            "max": 0.5268092325329781,
            "count": 56
        },
        "PaintingAgent.Environment.CumulativeReward.sum": {
            "value": 25.813487261533737,
            "min": 18.88312727212906,
            "max": 26.340461626648903,
            "count": 56
        },
        "PaintingAgent.Policy.ExtrinsicReward.mean": {
            "value": 0.5162697452306747,
            "min": 0.5125212413072586,
            "max": 0.5268092325329781,
            "count": 56
        },
        "PaintingAgent.Policy.ExtrinsicReward.sum": {
            "value": 25.813487261533737,
            "min": 18.88312727212906,
            "max": 26.340461626648903,
            "count": 56
        },
        "PaintingAgent.Losses.PolicyLoss.mean": {
            "value": 0.023312593804197,
            "min": 0.02224311289804367,
            "max": 0.043844294850714505,
            "count": 56
        },
        "PaintingAgent.Losses.PolicyLoss.sum": {
            "value": 0.046625187608394,
            "min": 0.034142486207808055,
            "max": 0.11813981000644463,
            "count": 56
        },
        "PaintingAgent.Losses.ValueLoss.mean": {
            "value": 1.5940231712363584e-06,
            "min": 3.173488174468275e-07,
            "max": 0.002332728588347284,
            "count": 56
        },
        "PaintingAgent.Losses.ValueLoss.sum": {
            "value": 3.1880463424727168e-06,
            "min": 6.34697634893655e-07,
            "max": 0.004665457176694568,
            "count": 56
        },
        "PaintingAgent.Policy.LearningRate.mean": {
            "value": 0.00027922758692414,
            "min": 0.00027922758692414,
            "max": 0.00028744908418364,
            "count": 56
        },
        "PaintingAgent.Policy.LearningRate.sum": {
            "value": 0.00055845517384828,
            "min": 0.00028744908418364,
            "max": 0.0008619692526769199,
            "count": 56
        },
        "PaintingAgent.Policy.Epsilon.mean": {
            "value": 0.19307586000000002,
            "min": 0.19307586000000002,
            "max": 0.19581636000000002,
            "count": 56
        },
        "PaintingAgent.Policy.Epsilon.sum": {
            "value": 0.38615172000000003,
            "min": 0.19581636000000002,
            "max": 0.58732308,
            "count": 56
        },
        "PaintingAgent.Policy.Beta.mean": {
            "value": 0.004654485414,
            "min": 0.004654485414,
            "max": 0.004791236364,
            "count": 56
        },
        "PaintingAgent.Policy.Beta.sum": {
            "value": 0.009308970828,
            "min": 0.004791236364,
            "max": 0.014367421692,
            "count": 56
        },
        "PaintingAgent.IsTraining.mean": {
            "value": 1.0,
            "min": 1.0,
            "max": 1.0,
            "count": 56
        },
        "PaintingAgent.IsTraining.sum": {
            "value": 1.0,
            "min": 1.0,
            "max": 1.0,
            "count": 56
        }
    },
    "metadata": {
        "timer_format_version": "0.1.0",
        "start_time_seconds": "1777722020",
        "python_version": "3.10.11 (tags/v3.10.11:7d4cc5a, Apr  5 2023, 00:38:17) [MSC v.1929 64 bit (AMD64)]",
        "command_line_arguments": "C:\\Users\\guya4\\ml-agents-env\\Scripts\\mlagents-learn config/PaintingAgent.yaml --run-id=painting_run_05 --resume",
        "mlagents_version": "1.1.0",
        "mlagents_envs_version": "1.1.0",
        "communication_protocol_version": "1.5.0",
        "pytorch_version": "2.5.1+cu121",
        "numpy_version": "1.23.5",
        "end_time_seconds": "1777724421"
    },
    "total": 2400.480905500008,
    "count": 1,
    "self": 0.004764400015119463,
    "children": {
        "run_training.setup": {
            "total": 0.05719919998955447,
            "count": 1,
            "self": 0.05719919998955447
        },
        "TrainerController.start_learning": {
            "total": 2400.418941900003,
            "count": 1,
            "self": 2.1253217961784685,
            "children": {
                "TrainerController._reset_env": {
                    "total": 8.75814759999048,
                    "count": 1,
                    "self": 8.75814759999048
                },
                "TrainerController.advance": {
                    "total": 2389.3340072038263,
                    "count": 281901,
                    "self": 1.992857304023346,
                    "children": {
                        "env_step": {
                            "total": 2326.268580299773,
                            "count": 281901,
                            "self": 1955.6345618051564,
                            "children": {
                                "SubprocessEnvManager._take_step": {
                                    "total": 369.1137262992852,
                                    "count": 281901,
                                    "self": 6.501672003651038,
                                    "children": {
                                        "TorchPolicy.evaluate": {
                                            "total": 362.61205429563415,
                                            "count": 281901,
                                            "self": 362.61205429563415
                                        }
                                    }
                                },
                                "workers": {
                                    "total": 1.5202921953314217,
                                    "count": 281900,
                                    "self": 0.0,
                                    "children": {
                                        "worker_root": {
                                            "total": 2388.5427532990725,
                                            "count": 281900,
                                            "is_parallel": true,
                                            "self": 565.2936265976314,