{
    "name": "root",
    "gauges": {
        "PaintingAgent.Policy.Entropy.mean": {
            "value": 1.3979507684707642,
            "min": 1.3979507684707642,
            "max": 1.4194657802581787,
            "count": 41
        },
        "PaintingAgent.Policy.Entropy.sum": {
            "value": 6989.75390625,
            "min": 6989.75390625,
            "max": 7097.3291015625,
            "count": 41
        },
        "PaintingAgent.Step.mean": {
            "value": 204960.0,
            "min": 4960.0,
            "max": 204960.0,
            "count": 41
        },
        "PaintingAgent.Step.sum": {
            "value": 204960.0,
            "min": 4960.0,
            "max": 204960.0,
            "count": 41
        },
        "PaintingAgent.Policy.ExtrinsicValueEstimate.mean": {
            "value": 0.001663721865043044,
            "min": -0.09981010854244232,
            "max": 0.3567945659160614,
            "count": 41
        },
        "PaintingAgent.Policy.ExtrinsicValueEstimate.sum": {
            "value": 0.13309775292873383,
            "min": -7.984808921813965,
            "max": 28.54356575012207,
            "count": 41
        },
        "PaintingAgent.Environment.EpisodeLength.mean": {
            "value": 999.0,
            "min": 999.0,
            "max": 999.0,
            "count": 41
        },
        "PaintingAgent.Environment.EpisodeLength.sum": {
            "value": 4995.0,
            "min": 4995.0,
            "max": 4995.0,
            "count": 41
        },
        "PaintingAgent.Environment.CumulativeReward.mean": {
            "value": -0.01242825984954834,
            "min": -0.05198105573654175,
            "max": 0.17497293949127196,
            "count": 41
        },
        "PaintingAgent.Environment.CumulativeReward.sum": {
            "value": -0.0621412992477417,
            "min": -0.25990527868270874,
            "max": 0.8748646974563599,
            "count": 41
        },
        "PaintingAgent.Policy.ExtrinsicReward.mean": {
            "value": -0.01242825984954834,
            "min": -0.05198105573654175,
            "max": 0.17497293949127196,
            "count": 41
        },
        "PaintingAgent.Policy.ExtrinsicReward.sum": {
            "value": -0.0621412992477417,
            "min": -0.25990527868270874,
            "max": 0.8748646974563599,
            "count": 41
        },
        "PaintingAgent.Losses.PolicyLoss.mean": {
            "value": 0.027198250741801325,
            "min": 0.020369158596925747,
            "max": 0.04251719321230969,
            "count": 41
        },
        "PaintingAgent.Losses.PolicyLoss.sum": {
            "value": 0.08159475222540398,
            "min": 0.040738317193851493,
            "max": 0.11739666519861203,
            "count": 41
        },
        "PaintingAgent.Losses.ValueLoss.mean": {
            "value": 2.6463569327006553e-06,
            "min": 1.6571346179716784e-06,
            "max": 0.1580232368626942,
            "count": 41
        },
        "PaintingAgent.Losses.ValueLoss.sum": {
            "value": 7.939070798101966e-06,
            "min": 3.3142692359433568e-06,
            "max": 0.3160464737253884,
            "count": 41
        },
        "PaintingAgent.Policy.LearningRate.mean": {
            "value": 0.00029392464202511996,
            "min": 0.00029392464202511996,
            "max": 0.0002999071200309599,
            "count": 41
        },
        "PaintingAgent.Policy.LearningRate.sum": {
            "value": 0.0008817739260753598,
            "min": 0.0005881588839470399,
            "max": 0.0008988854403715199,
            "count": 41
        },
        "PaintingAgent.Policy.Epsilon.mean": {
            "value": 0.19797488,
            "min": 0.19797488,
            "max": 0.19996904,
            "count": 41
        },
        "PaintingAgent.Policy.Epsilon.sum": {
            "value": 0.59392464,
            "min": 0.39605296,
            "max": 0.59962848,
            "count": 41
        },
        "PaintingAgent.Policy.Beta.mean": {
            "value": 0.004898946512,
            "min": 0.004898946512,
            "max": 0.004998455095999999,
            "count": 41
        },
        "PaintingAgent.Policy.Beta.sum": {
            "value": 0.014696839536,
            "min": 0.009803042703999999,
            "max": 0.014981461152,
            "count": 41
        },
        "PaintingAgent.IsTraining.mean": {
            "value": 1.0,
            "min": 1.0,
            "max": 1.0,
            "count": 41
        },
        "PaintingAgent.IsTraining.sum": {
            "value": 1.0,
            "min": 1.0,
            "max": 1.0,
            "count": 41
        }
    },
    "metadata": {
        "timer_format_version": "0.1.0",
        "start_time_seconds": "1777714380",
        "python_version": "3.10.11 (tags/v3.10.11:7d4cc5a, Apr  5 2023, 00:38:17) [MSC v.1929 64 bit (AMD64)]",
        "command_line_arguments": "C:\\Users\\guya4\\ml-agents-env\\Scripts\\mlagents-learn config/PaintingAgent.yaml --run-id=painting_run_03",
        "mlagents_version": "1.1.0",
        "mlagents_envs_version": "1.1.0",
        "communication_protocol_version": "1.5.0",
        "pytorch_version": "2.5.1+cu121",
        "numpy_version": "1.23.5",
        "end_time_seconds": "1777716114"
    },
    "total": 1734.4628741000051,
    "count": 1,
    "self": 0.0044246000034036115,
    "children": {
        "run_training.setup": {
            "total": 0.05934449999767821,
            "count": 1,
            "self": 0.05934449999767821
        },
        "TrainerController.start_learning": {
            "total": 1734.399105000004,
            "count": 1,
            "self": 1.4729487009026343,
            "children": {
                "TrainerController._reset_env": {
                    "total": 10.84570609999355,
                    "count": 1,
                    "self": 10.84570609999355
                },
                "TrainerController.advance": {
                    "total": 1721.787602399112,
                    "count": 207887,
                    "self": 1.39020529667323,
                    "children": {
                        "env_step": {
                            "total": 1678.2178858013503,
                            "count": 207887,
                            "self": 1395.5803842089517,
                            "children": {
                                "SubprocessEnvManager._take_step": {
                                    "total": 281.5322385957843,
                                    "count": 207887,
                                    "self": 4.736340086630662,
                                    "children": {
                                        "TorchPolicy.evaluate": {
                                            "total": 276.79589850915363,
                                            "count": 207887,
                                            "self": 276.79589850915363
                                        }
                                    }
                                },
                                "workers": {
                                    "total": 1.1052629966143286,
                                    "count": 207886,
                                    "self": 0.0,
                                    "children": {
                                        "worker_root": {
                                            "total": 1717.383722397135,
                                            "count": 207886,
                                            "is_parallel": true,
                                            "self": 423.97713560107513,