{
    "name": "root",
    "gauges": {
        "PaintingAgent.Policy.Entropy.mean": {
            "value": 1.2118874788284302,
            "min": 1.2118874788284302,
            "max": 1.2118874788284302,
            "count": 1
        },
        "PaintingAgent.Policy.Entropy.sum": {
            "value": 2249.26318359375,
            "min": 2249.26318359375,
            "max": 2249.26318359375,
            "count": 1
        },
        "PaintingAgent.Step.mean": {
            "value": 724912.0,
            "min": 724912.0,
            "max": 724912.0,
            "count": 1
        },
        "PaintingAgent.Step.sum": {
            "value": 724912.0,
            "min": 724912.0,
            "max": 724912.0,
            "count": 1
        },
        "PaintingAgent.Policy.ExtrinsicValueEstimate.mean": {
            "value": 0.5361858010292053,
            "min": 0.5361858010292053,
            "max": 0.5361858010292053,
            "count": 1
        },
        "PaintingAgent.Policy.ExtrinsicValueEstimate.sum": {
            "value": 9.115159034729004,
            "min": 9.115159034729004,
            "max": 9.115159034729004,
            "count": 1
        },
        "PaintingAgent.Environment.EpisodeLength.mean": {
            "value": 399.0,
            "min": 399.0,
            "max": 399.0,
            "count": 1
        },
        "PaintingAgent.Environment.EpisodeLength.sum": {
            "value": 1596.0,
            "min": 1596.0,
            "max": 1596.0,
            "count": 1
        },
        "PaintingAgent.Environment.CumulativeReward.mean": {
            "value": 2.022941892966628,
            "min": 2.022941892966628,
            "max": 2.022941892966628,
            "count": 1
        },
        "PaintingAgent.Environment.CumulativeReward.sum": {
            "value": 8.091767571866512,
            "min": 8.091767571866512,
            "max": 8.091767571866512,
            "count": 1
        },
        "PaintingAgent.Policy.ExtrinsicReward.mean": {
            "value": 2.022941892966628,
            "min": 2.022941892966628,
            "max": 2.022941892966628,
            "count": 1
        },
        "PaintingAgent.Policy.ExtrinsicReward.sum": {
            "value": 8.091767571866512,
            "min": 8.091767571866512,
            "max": 8.091767571866512,
            "count": 1
        },
        "PaintingAgent.IsTraining.mean": {
            "value": 1.0,
            "min": 1.0,
            "max": 1.0,
            "count": 1
        },
        "PaintingAgent.IsTraining.sum": {
            "value": 1.0,
            "min": 1.0,
            "max": 1.0,
            "count": 1
        }
    },
    "metadata": {
        "timer_format_version": "0.1.0",
        "start_time_seconds": "1777731520",
        "python_version": "3.10.11 (tags/v3.10.11:7d4cc5a, Apr  5 2023, 00:38:17) [MSC v.1929 64 bit (AMD64)]",
        "command_line_arguments": "C:\\Users\\guya4\\ml-agents-env\\Scripts\\mlagents-learn config/PaintingAgent.yaml --run-id=painting_run_06 --resume",
        "mlagents_version": "1.1.0",
        "mlagents_envs_version": "1.1.0",
        "communication_protocol_version": "1.5.0",
        "pytorch_version": "2.5.1+cu121",
        "numpy_version": "1.23.5",
        "end_time_seconds": "1777731699"
    },
    "total": 179.09303240000736,
    "count": 1,
    "self": 0.0036931000067852437,
    "children": {
        "run_training.setup": {
            "total": 0.05918969999765977,
            "count": 1,
            "self": 0.05918969999765977
        },
        "TrainerController.start_learning": {
            "total": 179.03014960000291,
            "count": 1,
            "self": 0.018461599887814373,
            "children": {
                "TrainerController._reset_env": {
                    "total": 28.662109099997906,
                    "count": 1,
                    "self": 28.662109099997906
                },
                "TrainerController.advance": {
                    "total": 149.95705190011358,
                    "count": 2404,
                    "self": 0.017383699814672582,
                    "children": {
                        "env_step": {
                            "total": 149.7699378003599,
                            "count": 2404,
                            "self": 146.09305460007454,
                            "children": {
                                "SubprocessEnvManager._take_step": {
                                    "total": 3.6638710004190216,
                                    "count": 2404,
                                    "self": 0.0574916008481523,
                                    "children": {
                                        "TorchPolicy.evaluate": {
                                            "total": 3.6063793995708693,
                                            "count": 2404,
                                            "self": 3.6063793995708693
                                        }
                                    }
                                },
                                "workers": {
                                    "total": 0.013012199866352603,
                                    "count": 2403,
                                    "self": 0.0,
                                    "children": {
                                        "worker_root": {
                                            "total": 88.38711950018478,
                                            "count": 2403,
                                            "is_parallel": true,
                                            "self": 5.945637100012391,
                                            "children": {
                                                "steps_from_proto": {
                                                    "total": 0.0004609000025084242,
                                                    "count": 1,
                                                    "is_parallel": true,
                                                    "self": 5.729999975301325e-05,
                                                    "children": {
                                                        "_process_rank_one_or_two_observation": {
                                                            "total": 0.00040360000275541097,
                                                            "count": 2,
                                                            "is_parallel": true,
                                                            "self": 0.00040360000275541097
                                                        }
                                                    }
                                                },
                                                "UnityEnvironment.step": {
                                                    "total": 82.44102150016988,
                                                    "count": 2403,
                                                    "is_parallel": true,
                                                    "self": 0.3487395999545697,
                                                    "children": {
                                                        "UnityEnvironment._generate_step_input": {
                                                            "total": 0.08270360039023217,
                                                            "count": 2403,
                                                            "is_parallel": true,
                                                            "self": 0.08270360039023217
                                                        },